BeingSalmanKhan, iamsrk
BeingSalmanKhan, aamir_khan
BeingSalmanKhan, Asli_Jacqueline
BeingSalmanKhan, MirzaSania
BeingSalmanKhan, realpreityzinta
BeingSalmanKhan, TheSlyStallone
BeingSalmanKhan, theathiyashetty
BeingSalmanKhan, arbaazSkhan
BeingSalmanKhan, khanarpita
BeingSalmanKhan, ShahDaisy25
BeingSalmanKhan, PulkitSamrat
BeingSalmanKhan, iamsnehaullal
BeingSalmanKhan, tweetbeinghuman
BeingSalmanKhan, luvsalimkhan
BeingSalmanKhan, IuliaVantur
BeingSalmanKhan, SohailKhan
BeingSalmanKhan, binaakak
BeingSalmanKhan, impoornapatel
BeingSalmanKhan, Vinayvirmani24
BeingSalmanKhan, atulreellife
BeingSalmanKhan, NirvanKhan15
BeingSalmanKhan, arhaankhan0798
BeingSalmanKhan, Iamwaluscha
BeingSalmanKhan, patel_jordy
iamsrk, shakira
iamsrk, SrBachchan
iamsrk, BeingSalmanKhan
iamsrk, sachin_rt
iamsrk, iHrithik
iamsrk, EmmaWatson
iamsrk, deepikapadukone
iamsrk, priyankachopra
iamsrk, LeoDiCaprio
iamsrk, karanjohar
iamsrk, paulocoelho
iamsrk, juniorbachchan
iamsrk, shahidkapoor
iamsrk, SethMacFarlane
iamsrk, FarOutAkhtar
iamsrk, TheOnion
iamsrk, Riteishd
iamsrk, MirzaSania
iamsrk, sardesairajdeep
iamsrk, anandmahindra
iamsrk, ShashiTharoor
iamsrk, BDUTT
iamsrk, TheFarahKhan
iamsrk, TheVijayMallya
iamsrk, bomanirani
iamsrk, realpreityzinta
iamsrk, wossy
iamsrk, rameshsrivats
iamsrk, MikaSingh
iamsrk, SonuSood
iamsrk, KKRiders
iamsrk, LalitKModi
iamsrk, ShaneWarne
iamsrk, noaheverett
iamsrk, BrettLee_58
iamsrk, konkonas
iamsrk, DabbooRatnani
iamsrk, anupamachopra
iamsrk, udaychopra
iamsrk, RajeevMasand
iamsrk, jaysean
iamsrk, FareedZakaria
iamsrk, R_Khanna
iamsrk, jiteshpillaai
iamsrk, cricketwallah
iamsrk, sussannekroshan
iamsrk, TheDilipKumar
iamsrk, ritesh_sid
iamsrk, anubhavsinha
iamsrk, RedChilliesEnt
akshaykumar, narendramodi
akshaykumar, SrBachchan
akshaykumar, iHrithik
akshaykumar, SnoopDogg
akshaykumar, rajnathsingh
akshaykumar, AnupamPKher
akshaykumar, karanjohar
akshaykumar, juniorbachchan
akshaykumar, sonamakapoor
akshaykumar, Riteishd
akshaykumar, rajinikanth
akshaykumar, mrsfunnybones
akshaykumar, isro
akshaykumar, mybmc
akshaykumar, Akkistaan
akshaykumar, SimplySajidK
akshaykumar, TeamAkshay
akshaykumar, 2Point0movie
akshaykumar, AkshayKumFansWB
akshaykumar, akkikumaritaly
akshaykumar, AKFansGroup
akshaykumar, BharatKeVeer
akshaykumar, GrazingGoatPix
akshaykumar, ToiletTheFilm
akshaykumar, PadManTheFilm
akshaykumar, RoyPrice
sachin_rt, narendramodi
sachin_rt, BillGates
sachin_rt, SrBachchan
sachin_rt, iamsrk
sachin_rt, imVkohli
sachin_rt, aamir_khan
sachin_rt, coldplay
sachin_rt, virendersehwag
sachin_rt, ImRo45
sachin_rt, ImRaina
sachin_rt, mangeshkarlata
sachin_rt, RanveerOfficial
sachin_rt, rogerfederer
sachin_rt, BCCI
sachin_rt, GautamGambhir
sachin_rt, harbhajan_singh
sachin_rt, RNTata2000
sachin_rt, NSaina
sachin_rt, bhogleharsha
sachin_rt, anandmahindra
sachin_rt, msdhoni
sachin_rt, piersmorgan
sachin_rt, shreyaghoshal
sachin_rt, VVSLaxman281
sachin_rt, ImZaheer
sachin_rt, ajinkyarahane88
sachin_rt, rajinikanth
sachin_rt, SGanguly99
sachin_rt, wasimakramlive
sachin_rt, SDhawan25
sachin_rt, MumbaiPolice
sachin_rt, ashabhosle
sachin_rt, YUVSTRONG12
sachin_rt, Dev_Fadnavis
sachin_rt, anilkumble1074
sachin_rt, MikaSingh
sachin_rt, SunidhiChauhan5
sachin_rt, shoaib100mph
sachin_rt, sundarpichai
sachin_rt, KapilSibal
sachin_rt, BrettLee_58
sachin_rt, Shankar_Live
sachin_rt, satyanadella
sachin_rt, MClarke23
sachin_rt, gatesfoundation
sachin_rt, KeralaBlasters
sachin_rt, parthiv9
sachin_rt, U2
sachin_rt, MangteC
sachin_rt, Leander
iHrithik, BarackObama
iHrithik, narendramodi
iHrithik, BeingSalmanKhan
iHrithik, iamsrk
iHrithik, akshaykumar
iHrithik, priyankachopra
iHrithik, AnupamPKher
iHrithik, karanjohar
iHrithik, juniorbachchan
iHrithik, shahidkapoor
iHrithik, Asli_Jacqueline
iHrithik, RealHughJackman
iHrithik, RanveerOfficial
iHrithik, ajaydevgn
iHrithik, sonamakapoor
iHrithik, UberSoc
iHrithik, FarOutAkhtar
iHrithik, jessicaalba
iHrithik, AnilKapoor
iHrithik, mrsfunnybones
iHrithik, kamaalrkhan
iHrithik, realpreityzinta
iHrithik, MamataOfficial
iHrithik, iTIGERSHROFF
iHrithik, MikaSingh
iHrithik, yamigautam
iHrithik, chintskap
iHrithik, CPMumbaiPolice
iHrithik, AzmiShabana
iHrithik, deespeak
iHrithik, awkwardgoogle
iHrithik, TheSlyStallone
iHrithik, hegdepooja
iHrithik, shekharkapur
iHrithik, AUThackeray
iHrithik, vivekoberoi
iHrithik, DabbooRatnani
iHrithik, runnersworld
iHrithik, udaychopra
iHrithik, Delamori
iHrithik, Funnyoneliners
iHrithik, KomalNahta
iHrithik, kalkikanmani
iHrithik, TheRajKundra
iHrithik, FarahKhanAli
iHrithik, Abhishekapoor
iHrithik, sussannekroshan
iHrithik, ritesh_sid
iHrithik, kapoorkkunal
iHrithik, rajcheerfull
deepikapadukone, BarackObama
deepikapadukone, narendramodi
deepikapadukone, BillGates
deepikapadukone, CNN
deepikapadukone, SrBachchan
deepikapadukone, BeingSalmanKhan
deepikapadukone, iamsrk
deepikapadukone, imVkohli
deepikapadukone, sachin_rt
deepikapadukone, iHrithik
deepikapadukone, priyankachopra
deepikapadukone, aamir_khan
deepikapadukone, karanjohar
deepikapadukone, RafaelNadal
deepikapadukone, juniorbachchan
deepikapadukone, shahidkapoor
deepikapadukone, UberFacts
deepikapadukone, RanveerOfficial
deepikapadukone, timesofindia
deepikapadukone, rogerfederer
deepikapadukone, FarOutAkhtar
deepikapadukone, RNTata2000
deepikapadukone, DjokerNole
deepikapadukone, NSaina
deepikapadukone, anandmahindra
deepikapadukone, TheFarahKhan
deepikapadukone, arjunk26
deepikapadukone, Lilly
deepikapadukone, Dev_Fadnavis
deepikapadukone, rampalarjun
deepikapadukone, KP24
deepikapadukone, OmarAbdullah
deepikapadukone, THR
deepikapadukone, ManishMalhotra
deepikapadukone, MissMalini
deepikapadukone, Variety
deepikapadukone, irrfank
deepikapadukone, Shankar_Live
deepikapadukone, RonnieScrewvala
deepikapadukone, NeilNMukesh
deepikapadukone, kiranshaw
deepikapadukone, RajeevMasand
deepikapadukone, VOGUEIndia
deepikapadukone, atulkasbekar
deepikapadukone, pinkvilla
deepikapadukone, jiteshpillaai
deepikapadukone, DeepikaPFC
deepikapadukone, ritesh_sid
deepikapadukone, sujoy_g
deepikapadukone, shiekhspear
priyankachopra, BarackObama
priyankachopra, katyperry
priyankachopra, rihanna
priyankachopra, ladygaga
priyankachopra, TheEllenShow
priyankachopra, narendramodi
priyankachopra, cnnbrk
priyankachopra, jimmyfallon
priyankachopra, KingJames
priyankachopra, SrBachchan
priyankachopra, Oprah
priyankachopra, BeingSalmanKhan
priyankachopra, iamsrk
priyankachopra, sachin_rt
priyankachopra, iHrithik
priyankachopra, deepikapadukone
priyankachopra, aamir_khan
priyankachopra, pitbull
priyankachopra, arrahman
priyankachopra, Eminem
priyankachopra, AnushkaSharma
priyankachopra, MariahCarey
priyankachopra, aliaa08
priyankachopra, LeoDiCaprio
priyankachopra, DalaiLama
priyankachopra, AnupamPKher
priyankachopra, SergioRamos
priyankachopra, aplusk
priyankachopra, TIME
priyankachopra, karanjohar
priyankachopra, MichelleObama
priyankachopra, 9GAG
priyankachopra, tomhanks
priyankachopra, VancityReynolds
priyankachopra, Beyonce
priyankachopra, ZacEfron
priyankachopra, Diddy
priyankachopra, RobertDowneyJr
priyankachopra, juniorbachchan
priyankachopra, shahidkapoor
priyankachopra, TheRock
priyankachopra, Asli_Jacqueline
priyankachopra, mangeshkarlata
priyankachopra, nickjonas
priyankachopra, ParineetiChopra
priyankachopra, RanveerOfficial
priyankachopra, ndtv
priyankachopra, ShraddhaKapoor
priyankachopra, sonamakapoor
priyankachopra, UN
aamir_khan, SrBachchan
aamir_khan, BeingSalmanKhan
aamir_khan, sachin_rt
aamir_khan, iHrithik
aamir_khan, karanjohar
aamir_khan, juniorbachchan
aamir_khan, satyamevjayate
aamir_khan, fattysanashaikh
aamir_khan, sanyamalhotra07
arrahman, oneheartartists
AnushkaSharma, rihanna
AnushkaSharma, iamsrk
AnushkaSharma, imVkohli
AnushkaSharma, kanyewest
AnushkaSharma, iHrithik
AnushkaSharma, priyankachopra
AnushkaSharma, virendersehwag
AnushkaSharma, aliaa08
AnushkaSharma, karanjohar
AnushkaSharma, 9GAG
AnushkaSharma, VancityReynolds
AnushkaSharma, shahidkapoor
AnushkaSharma, RanveerOfficial
AnushkaSharma, sonamakapoor
AnushkaSharma, Varun_dvn
AnushkaSharma, MirzaSania
AnushkaSharma, dog_rates
AnushkaSharma, Sethrogen
AnushkaSharma, NSaina
AnushkaSharma, BDUTT
AnushkaSharma, ABdeVilliers17
AnushkaSharma, adgpi
AnushkaSharma, OMGFacts
AnushkaSharma, thetanmay
AnushkaSharma, BuzzFeed
AnushkaSharma, arjunk26
AnushkaSharma, mrsfunnybones
AnushkaSharma, ANI
AnushkaSharma, MikaSingh
AnushkaSharma, therealrussellp
AnushkaSharma, yrf
AnushkaSharma, diljitdosanjh
AnushkaSharma, taran_adarsh
AnushkaSharma, IndianExpress
AnushkaSharma, humasqureshi
AnushkaSharma, CPMumbaiPolice
AnushkaSharma, VishalDadlani
AnushkaSharma, Fact
AnushkaSharma, itsSSR
AnushkaSharma, Variety
AnushkaSharma, TheGoogleFactz
AnushkaSharma, JamesBlunt
AnushkaSharma, fjamie013
AnushkaSharma, TheViralFever
AnushkaSharma, anupamachopra
AnushkaSharma, udaychopra
AnushkaSharma, BuzzFeedNews
AnushkaSharma, RajeevMasand
AnushkaSharma, Trendulkar
AnushkaSharma, HoeZaay
aliaa08, justinbieber
aliaa08, KimKardashian
aliaa08, BillGates
aliaa08, SrBachchan
aliaa08, BeingSalmanKhan
aliaa08, iamsrk
aliaa08, akshaykumar
aliaa08, sachin_rt
aliaa08, iHrithik
aliaa08, deepikapadukone
aliaa08, priyankachopra
aliaa08, aamir_khan
aliaa08, kourtneykardash
aliaa08, arrahman
aliaa08, AnushkaSharma
aliaa08, AnupamPKher
aliaa08, karanjohar
aliaa08, KapilSharmaK9
aliaa08, ParisHilton
aliaa08, Arsenal
aliaa08, juniorbachchan
aliaa08, shahidkapoor
aliaa08, Asli_Jacqueline
aliaa08, ParineetiChopra
aliaa08, RanveerOfficial
aliaa08, ndtv
aliaa08, FIFAcom
aliaa08, ShraddhaKapoor
aliaa08, sonamakapoor
aliaa08, chetan_bhagat
aliaa08, FarOutAkhtar
aliaa08, Varun_dvn
aliaa08, charliesheen
aliaa08, Riteishd
aliaa08, SidMalhotra
aliaa08, MadhuriDixit
aliaa08, BDUTT
aliaa08, AllIndiaBakchod
aliaa08, TheFarahKhan
aliaa08, ScottDisick
aliaa08, OMGFacts
aliaa08, bipsluvurself
aliaa08, arjunk26
aliaa08, thesushmitasen
aliaa08, WhatTheFFacts
aliaa08, kritisanon
aliaa08, ayushmannk
aliaa08, SunnyLeone
aliaa08, PerezHilton
aliaa08, mrsfunnybones
AnupamPKher, narendramodi
AnupamPKher, jimmyfallon
AnupamPKher, SrBachchan
AnupamPKher, akshaykumar
AnupamPKher, imVkohli
AnupamPKher, iHrithik
AnupamPKher, priyankachopra
AnupamPKher, AmitShah
AnupamPKher, rajnathsingh
AnupamPKher, ImRaina
AnupamPKher, juniorbachchan
AnupamPKher, shahidkapoor
AnupamPKher, mangeshkarlata
AnupamPKher, sonamakapoor
AnupamPKher, chetan_bhagat
AnupamPKher, thekiranbedi
AnupamPKher, smritiirani
AnupamPKher, GautamGambhir
AnupamPKher, Riteishd
AnupamPKher, PiyushGoyal
AnupamPKher, NSaina
AnupamPKher, ShashiTharoor
AnupamPKher, adgpi
AnupamPKher, arjunk26
AnupamPKher, AnilKapoor
AnupamPKher, Lilly
AnupamPKher, bomanirani
AnupamPKher, iam_juhi
AnupamPKher, Suhelseth
AnupamPKher, rsprasad
AnupamPKher, rahulkanwal
AnupamPKher, sambitswaraj
AnupamPKher, anjanaomkashyap
AnupamPKher, Actor_Siddharth
AnupamPKher, MikaSingh
AnupamPKher, MaheshNBhatt
AnupamPKher, therealrussellp
AnupamPKher, TheAcademy
AnupamPKher, SadhguruJV
AnupamPKher, SirPareshRawal
AnupamPKher, SwetaSinghAT
AnupamPKher, RubikaLiyaquat
AnupamPKher, shekharkapur
AnupamPKher, NehaDhupia
AnupamPKher, drramansingh
AnupamPKher, TheVikasKhanna
AnupamPKher, KanganaTeam
AnupamPKher, RonnieScrewvala
AnupamPKher, TandonRaveena
AnupamPKher, republic
karanjohar, narendramodi
karanjohar, SrBachchan
karanjohar, iamsrk
karanjohar, akshaykumar
karanjohar, BJP4India
karanjohar, DharmaMovies
karanjohar, TripathiiPankaj
karanjohar, apoorvamehta18
karanjohar, DharmaTwoPointO
karanjohar, Dharmatic_